[{"date":"2023-03-29T11:14:11","name":"coyotte.png","mimetype":"image/png","size":243362},{"date":"2023-03-29T11:34:01","name":"duffy-duck.png","mimetype":"image/png","size":292968},{"date":"2023-03-29T11:48:09","name":"dbFiles.json","mimetype":"application/json","size":183},{"date":"2023-03-30T13:38:53","name":"pag1.html","mimetype":"text/html","size":219},{"date":"2023-03-31T10:02:22","name":"pag1.html","mimetype":"text/html","size":219},{"date":"2024-04-14T17:19:57","name":"tiago.jpg","mimetype":"image/jpeg","size":6012622},{"date":"2024-04-14T17:35:55","name":"forth.html","mimetype":"text/html","size":14174}]
